{
  "feature_columns": [
    "aqi",
    "aqi_lag1",
    "aqi_lag2",
    "aqi_lag3",
    "aqi_rolling_mean_3h",
    "aqi_rolling_mean_6h",
    "hour",
    "day_of_week",
    "month",
    "is_weekend",
    "wind_speed",
    "humidity",
    "temperature"
  ],
  "training_date": "2025-12-20T12:27:57.698587",
  "metrics": {
    "mse": 111.4756245882929,
    "mae": 8.390484132918493,
    "rmse": 10.558201768686413,
    "r2": 0.7334086108122989,
    "mape": 8.823911481153544
  },
  "best_params": {
    "max_depth": 8,
    "min_samples_leaf": 4,
    "min_samples_split": 10,
    "n_estimators": 200
  }
}