{
  "feature_columns": [
    "aqi",
    "aqi_lag1",
    "aqi_lag2",
    "aqi_lag3",
    "aqi_rolling_mean_3h",
    "aqi_rolling_mean_6h",
    "hour",
    "day_of_week",
    "month",
    "is_weekend",
    "wind_speed",
    "humidity",
    "temperature"
  ],
  "training_date": "2026-03-27T19:27:13.772870",
  "metrics": {
    "mse": 112.03987889258055,
    "mae": 8.328154814315916,
    "rmse": 10.584889177151576,
    "r2": 0.8794608785342679,
    "mape": 36039266.88584582
  },
  "best_params": {
    "max_depth": 15,
    "min_samples_leaf": 4,
    "min_samples_split": 2,
    "n_estimators": 200
  }
}